epoch,accuracy,loss,lr,val_accuracy,val_loss
0,0.1791265904903412,5.890246391296387,0.001,0.1901715099811554,6.961846828460693
