epoch,accuracy,loss,lr,val_accuracy,val_loss
0,0.6125804781913757,2.693058967590332,0.001,0.9238675832748413,0.6356862187385559
